INSERT INTO PROJECT (ID, START_DATE, NAME) VALUES (0, '20150801', 'test_projet1');
INSERT INTO PROJECT (ID, START_DATE, NAME) VALUES (1, '20150802', 'test_projet2');

INSERT INTO MEMBER (ID, NAME) VALUES (0, 'test membe1');
INSERT INTO MEMBER (ID, NAME) VALUES (1, 'test membe2');
INSERT INTO MEMBER (ID, NAME) VALUES (2, 'test membe3');

INSERT INTO PROJECT_MEMBER (PROJECT_ID, MEMBER_ID) VALUES (0, 0);
INSERT INTO PROJECT_MEMBER (PROJECT_ID, MEMBER_ID) VALUES (0, 1);
INSERT INTO PROJECT_MEMBER (PROJECT_ID, MEMBER_ID) VALUES (0, 2);

INSERT INTO TASK (ID, PROJECT_ID, MEMBER_ID, NAME, TYPE, MAN_HOUR, TASK_ORDER) VALUES (0, 0, 0, 'task1', '0', 16.0, 0);
INSERT INTO TASK (ID, PROJECT_ID, MEMBER_ID, NAME, TYPE, MAN_HOUR, TASK_ORDER) VALUES (1, 0, 0, 'task2', '0', 12.0, 1);
INSERT INTO TASK (ID, PROJECT_ID, MEMBER_ID, NAME, TYPE, MAN_HOUR, TASK_ORDER) VALUES (2, 0, 0, 'task3', '0', 32.0, 2);
INSERT INTO TASK (ID, PROJECT_ID, MEMBER_ID, NAME, TYPE, MAN_HOUR, TASK_ORDER) VALUES (3, 0, 0, 'task4', '0', 10.4, 3);
INSERT INTO TASK (ID, PROJECT_ID, MEMBER_ID, NAME, TYPE, MAN_HOUR, TASK_ORDER) VALUES (4, 0, 0, 'task5', '0', 40.0, 4);
INSERT INTO TASK (ID, PROJECT_ID, MEMBER_ID, NAME, TYPE, MAN_HOUR, TASK_ORDER) VALUES (5, 0, 0, 'task6', '0', 48.0, 5);
INSERT INTO TASK (ID, PROJECT_ID, MEMBER_ID, NAME, TYPE, MAN_HOUR, TASK_ORDER) VALUES (6, 0, 0, 'task7', '0', 12.0, 6);
INSERT INTO TASK (ID, PROJECT_ID, MEMBER_ID, NAME, TYPE, MAN_HOUR, TASK_ORDER) VALUES (7, 0, 0, 'task8', '0', 32.0, 7);
INSERT INTO TASK (ID, PROJECT_ID, MEMBER_ID, NAME, TYPE, MAN_HOUR, TASK_ORDER) VALUES (8, 0, 0, 'task9', '0', 10.4, 8);
INSERT INTO TASK (ID, PROJECT_ID, MEMBER_ID, NAME, TYPE, MAN_HOUR, TASK_ORDER) VALUES (9, 0, 1, 'task10', '0', 40.0, 9);
INSERT INTO TASK (ID, PROJECT_ID, MEMBER_ID, NAME, TYPE, MAN_HOUR, TASK_ORDER) VALUES (10, 0, 1, 'task11', '0', 48.0, 10);
INSERT INTO TASK (ID, PROJECT_ID, MEMBER_ID, NAME, TYPE, MAN_HOUR, TASK_ORDER) VALUES (11, 0, 1, 'task12', '0', 12.0, 11);
INSERT INTO TASK (ID, PROJECT_ID, MEMBER_ID, NAME, TYPE, MAN_HOUR, TASK_ORDER) VALUES (12, 0, 1, 'task13', '0', 32.0, 12);
INSERT INTO TASK (ID, PROJECT_ID, MEMBER_ID, NAME, TYPE, MAN_HOUR, TASK_ORDER) VALUES (13, 0, 1, 'task14', '0', 10.4, 13);
INSERT INTO TASK (ID, PROJECT_ID, MEMBER_ID, NAME, TYPE, MAN_HOUR, TASK_ORDER) VALUES (14, 0, 1, 'task15', '0', 40.0, 14);
INSERT INTO TASK (ID, PROJECT_ID, MEMBER_ID, NAME, TYPE, MAN_HOUR, TASK_ORDER) VALUES (15, 0, 1, 'task16', '0', 48.0, 15);
INSERT INTO TASK (ID, PROJECT_ID, MEMBER_ID, NAME, TYPE, MAN_HOUR, TASK_ORDER) VALUES (16, 0, 1, 'task17', '0', 12.0, 16);
INSERT INTO TASK (ID, PROJECT_ID, MEMBER_ID, NAME, TYPE, MAN_HOUR, TASK_ORDER) VALUES (17, 0, 2, 'task18', '0', 40.0, 9);
INSERT INTO TASK (ID, PROJECT_ID, MEMBER_ID, NAME, TYPE, MAN_HOUR, TASK_ORDER) VALUES (18, 0, 2, 'task19', '0', 48.0, 10);
INSERT INTO TASK (ID, PROJECT_ID, MEMBER_ID, NAME, TYPE, MAN_HOUR, TASK_ORDER) VALUES (19, 0, 2, 'task20', '0', 12.0, 11);
INSERT INTO TASK (ID, PROJECT_ID, MEMBER_ID, NAME, TYPE, MAN_HOUR, TASK_ORDER) VALUES (20, 0, 2, 'task21', '0', 32.0, 12);
INSERT INTO TASK (ID, PROJECT_ID, MEMBER_ID, NAME, TYPE, MAN_HOUR, TASK_ORDER) VALUES (21, 0, 2, 'task22', '0', 10.4, 13);
INSERT INTO TASK (ID, PROJECT_ID, MEMBER_ID, NAME, TYPE, MAN_HOUR, TASK_ORDER) VALUES (22, 0, 2, 'task23', '0', 40.0, 14);
INSERT INTO TASK (ID, PROJECT_ID, MEMBER_ID, NAME, TYPE, MAN_HOUR, TASK_ORDER) VALUES (23, 0, 2, 'task24', '0', 48.0, 15);
INSERT INTO TASK (ID, PROJECT_ID, MEMBER_ID, NAME, TYPE, MAN_HOUR, TASK_ORDER) VALUES (24, 0, 2, 'task25', '0', 12.0, 16);

INSERT INTO CALENDAR_DATE (YYYYMMDD, PROJECT_ID, RUNNING, HOLIDAY) VALUES ('20150801', 0, 0, 1);
INSERT INTO CALENDAR_DATE (YYYYMMDD, PROJECT_ID, RUNNING, HOLIDAY) VALUES ('20150802', 0, 0, 1);
INSERT INTO CALENDAR_DATE (YYYYMMDD, PROJECT_ID, RUNNING, HOLIDAY) VALUES ('20150803', 0, 8, 0);
INSERT INTO CALENDAR_DATE (YYYYMMDD, PROJECT_ID, RUNNING, HOLIDAY) VALUES ('20150804', 0, 8, 0);
INSERT INTO CALENDAR_DATE (YYYYMMDD, PROJECT_ID, RUNNING, HOLIDAY) VALUES ('20150805', 0, 8, 0);
INSERT INTO CALENDAR_DATE (YYYYMMDD, PROJECT_ID, RUNNING, HOLIDAY) VALUES ('20150806', 0, 8, 0);
INSERT INTO CALENDAR_DATE (YYYYMMDD, PROJECT_ID, RUNNING, HOLIDAY) VALUES ('20150807', 0, 8, 0);
INSERT INTO CALENDAR_DATE (YYYYMMDD, PROJECT_ID, RUNNING, HOLIDAY) VALUES ('20150808', 0, 0, 1);
INSERT INTO CALENDAR_DATE (YYYYMMDD, PROJECT_ID, RUNNING, HOLIDAY) VALUES ('20150809', 0, 0, 1);
INSERT INTO CALENDAR_DATE (YYYYMMDD, PROJECT_ID, RUNNING, HOLIDAY) VALUES ('20150810', 0, 8, 0);
INSERT INTO CALENDAR_DATE (YYYYMMDD, PROJECT_ID, RUNNING, HOLIDAY) VALUES ('20150811', 0, 8, 0);
INSERT INTO CALENDAR_DATE (YYYYMMDD, PROJECT_ID, RUNNING, HOLIDAY) VALUES ('20150812', 0, 8, 0);
INSERT INTO CALENDAR_DATE (YYYYMMDD, PROJECT_ID, RUNNING, HOLIDAY) VALUES ('20150813', 0, 8, 0);
INSERT INTO CALENDAR_DATE (YYYYMMDD, PROJECT_ID, RUNNING, HOLIDAY) VALUES ('20150814', 0, 8, 0);
INSERT INTO CALENDAR_DATE (YYYYMMDD, PROJECT_ID, RUNNING, HOLIDAY) VALUES ('20150815', 0, 0, 1);
INSERT INTO CALENDAR_DATE (YYYYMMDD, PROJECT_ID, RUNNING, HOLIDAY) VALUES ('20150816', 0, 0, 1);
INSERT INTO CALENDAR_DATE (YYYYMMDD, PROJECT_ID, RUNNING, HOLIDAY) VALUES ('20150817', 0, 8, 0);
INSERT INTO CALENDAR_DATE (YYYYMMDD, PROJECT_ID, RUNNING, HOLIDAY) VALUES ('20150818', 0, 8, 0);
INSERT INTO CALENDAR_DATE (YYYYMMDD, PROJECT_ID, RUNNING, HOLIDAY) VALUES ('20150819', 0, 8, 0);
INSERT INTO CALENDAR_DATE (YYYYMMDD, PROJECT_ID, RUNNING, HOLIDAY) VALUES ('20150820', 0, 8, 0);
INSERT INTO CALENDAR_DATE (YYYYMMDD, PROJECT_ID, RUNNING, HOLIDAY) VALUES ('20150821', 0, 8, 0);
INSERT INTO CALENDAR_DATE (YYYYMMDD, PROJECT_ID, RUNNING, HOLIDAY) VALUES ('20150822', 0, 0, 1);
INSERT INTO CALENDAR_DATE (YYYYMMDD, PROJECT_ID, RUNNING, HOLIDAY) VALUES ('20150823', 0, 0, 1);
INSERT INTO CALENDAR_DATE (YYYYMMDD, PROJECT_ID, RUNNING, HOLIDAY) VALUES ('20150824', 0, 8, 0);
INSERT INTO CALENDAR_DATE (YYYYMMDD, PROJECT_ID, RUNNING, HOLIDAY) VALUES ('20150825', 0, 8, 0);
INSERT INTO CALENDAR_DATE (YYYYMMDD, PROJECT_ID, RUNNING, HOLIDAY) VALUES ('20150826', 0, 8, 0);
INSERT INTO CALENDAR_DATE (YYYYMMDD, PROJECT_ID, RUNNING, HOLIDAY) VALUES ('20150827', 0, 8, 0);
INSERT INTO CALENDAR_DATE (YYYYMMDD, PROJECT_ID, RUNNING, HOLIDAY) VALUES ('20150828', 0, 8, 0);
INSERT INTO CALENDAR_DATE (YYYYMMDD, PROJECT_ID, RUNNING, HOLIDAY) VALUES ('20150829', 0, 0, 1);
INSERT INTO CALENDAR_DATE (YYYYMMDD, PROJECT_ID, RUNNING, HOLIDAY) VALUES ('20150830', 0, 0, 1);
INSERT INTO CALENDAR_DATE (YYYYMMDD, PROJECT_ID, RUNNING, HOLIDAY) VALUES ('20150831', 0, 8, 0);
INSERT INTO CALENDAR_DATE (YYYYMMDD, PROJECT_ID, RUNNING, HOLIDAY) VALUES ('20150901', 0, 8, 0);
INSERT INTO CALENDAR_DATE (YYYYMMDD, PROJECT_ID, RUNNING, HOLIDAY) VALUES ('20150902', 0, 8, 0);
INSERT INTO CALENDAR_DATE (YYYYMMDD, PROJECT_ID, RUNNING, HOLIDAY) VALUES ('20150903', 0, 8, 0);
INSERT INTO CALENDAR_DATE (YYYYMMDD, PROJECT_ID, RUNNING, HOLIDAY) VALUES ('20150904', 0, 8, 0);
INSERT INTO CALENDAR_DATE (YYYYMMDD, PROJECT_ID, RUNNING, HOLIDAY) VALUES ('20150905', 0, 0, 1);
INSERT INTO CALENDAR_DATE (YYYYMMDD, PROJECT_ID, RUNNING, HOLIDAY) VALUES ('20150906', 0, 0, 1);
INSERT INTO CALENDAR_DATE (YYYYMMDD, PROJECT_ID, RUNNING, HOLIDAY) VALUES ('20150907', 0, 8, 0);
INSERT INTO CALENDAR_DATE (YYYYMMDD, PROJECT_ID, RUNNING, HOLIDAY) VALUES ('20150908', 0, 8, 0);
INSERT INTO CALENDAR_DATE (YYYYMMDD, PROJECT_ID, RUNNING, HOLIDAY) VALUES ('20150909', 0, 8, 0);
INSERT INTO CALENDAR_DATE (YYYYMMDD, PROJECT_ID, RUNNING, HOLIDAY) VALUES ('20150910', 0, 8, 0);
INSERT INTO CALENDAR_DATE (YYYYMMDD, PROJECT_ID, RUNNING, HOLIDAY) VALUES ('20150911', 0, 8, 0);
INSERT INTO CALENDAR_DATE (YYYYMMDD, PROJECT_ID, RUNNING, HOLIDAY) VALUES ('20150912', 0, 0, 1);
INSERT INTO CALENDAR_DATE (YYYYMMDD, PROJECT_ID, RUNNING, HOLIDAY) VALUES ('20150913', 0, 0, 1);
INSERT INTO CALENDAR_DATE (YYYYMMDD, PROJECT_ID, RUNNING, HOLIDAY) VALUES ('20150914', 0, 8, 0);
INSERT INTO CALENDAR_DATE (YYYYMMDD, PROJECT_ID, RUNNING, HOLIDAY) VALUES ('20150915', 0, 8, 0);
INSERT INTO CALENDAR_DATE (YYYYMMDD, PROJECT_ID, RUNNING, HOLIDAY) VALUES ('20150916', 0, 8, 0);
INSERT INTO CALENDAR_DATE (YYYYMMDD, PROJECT_ID, RUNNING, HOLIDAY) VALUES ('20150917', 0, 8, 0);
INSERT INTO CALENDAR_DATE (YYYYMMDD, PROJECT_ID, RUNNING, HOLIDAY) VALUES ('20150918', 0, 8, 0);
INSERT INTO CALENDAR_DATE (YYYYMMDD, PROJECT_ID, RUNNING, HOLIDAY) VALUES ('20150919', 0, 0, 1);
INSERT INTO CALENDAR_DATE (YYYYMMDD, PROJECT_ID, RUNNING, HOLIDAY) VALUES ('20150920', 0, 0, 1);
INSERT INTO CALENDAR_DATE (YYYYMMDD, PROJECT_ID, RUNNING, HOLIDAY) VALUES ('20150921', 0, 8, 0);
INSERT INTO CALENDAR_DATE (YYYYMMDD, PROJECT_ID, RUNNING, HOLIDAY) VALUES ('20150922', 0, 8, 0);
INSERT INTO CALENDAR_DATE (YYYYMMDD, PROJECT_ID, RUNNING, HOLIDAY) VALUES ('20150923', 0, 8, 0);
INSERT INTO CALENDAR_DATE (YYYYMMDD, PROJECT_ID, RUNNING, HOLIDAY) VALUES ('20150924', 0, 8, 0);
INSERT INTO CALENDAR_DATE (YYYYMMDD, PROJECT_ID, RUNNING, HOLIDAY) VALUES ('20150925', 0, 8, 0);
INSERT INTO CALENDAR_DATE (YYYYMMDD, PROJECT_ID, RUNNING, HOLIDAY) VALUES ('20150926', 0, 0, 1);
INSERT INTO CALENDAR_DATE (YYYYMMDD, PROJECT_ID, RUNNING, HOLIDAY) VALUES ('20150927', 0, 0, 1);
INSERT INTO CALENDAR_DATE (YYYYMMDD, PROJECT_ID, RUNNING, HOLIDAY) VALUES ('20150928', 0, 8, 0);
INSERT INTO CALENDAR_DATE (YYYYMMDD, PROJECT_ID, RUNNING, HOLIDAY) VALUES ('20150929', 0, 8, 0);
INSERT INTO CALENDAR_DATE (YYYYMMDD, PROJECT_ID, RUNNING, HOLIDAY) VALUES ('20150930', 0, 8, 0);
-- for member1
INSERT INTO MEMBER_CALENDAR_DATE (YYYYMMDD, PROJECT_ID, MEMBER_ID, RUNNING, HOLIDAY) VALUES ('20150803', 0, 0, 0, 1);
